"ContactName","Delete_Contact","Rename_Contact","Comments","Delete_FiveToneCalls","FiveToneCalls-S5CLDLL_5TTELEGRAM","FiveToneCalls-S5CLDLL_5TCALLADD","Delete_MDCCalls","MDCCalls-AU_CALLLSTID","MDCCalls-AU_MDCSYS","MDCCalls-AU_RVRTPERS_Zone","MDCCalls-AU_RVRTPERS","MDCCalls-AU_SPTPLDPL","MDCCalls-AU_CALLTYPE","Delete_QuikCallIICalls","QuikCallIICalls-QU_QCIISYS","QuikCallIICalls-QU_RVRTPERS_Zone","QuikCallIICalls-QU_RVRTPERS","QuikCallIICalls-QU_CALLFORMAT","QuikCallIICalls-QU_TONEATXFRE","QuikCallIICalls-QU_CODEA","QuikCallIICalls-QU_TONEBTXFRE","QuikCallIICalls-QU_CODEB","QuikCallIICalls-QU_STRIPPLDPL","Delete_DigitalCalls","DigitalCalls-DU_CALLLSTID","DigitalCalls-DU_ROUTETYPE","DigitalCalls-DU_CALLPRCDTNEN","DigitalCalls-DU_RINGTYPE","DigitalCalls-DU_TXTMSGALTTNTP","DigitalCalls-DU_CALLTYPE","DigitalCalls-DU_OVCMCALL","Delete_CapacityPlusCalls","CapacityPlusCalls-CAPPLUSUCL_CALLLSTID","CapacityPlusCalls-CAPPLUSUCL_ROUTETYPE","CapacityPlusCalls-CAPPLUSUCL_CALLPRCDTNEN","CapacityPlusCalls-CAPPLUSUCL_RINGTYPE","CapacityPlusCalls-CAPPLUSUCL_TXTMSGALTTNTP","CapacityPlusCalls-CAPPLUSUCL_CALLTYPE","Delete_PhoneCalls","PhoneCalls-PHNUCLELL_CALLID","PhoneCalls-PHNUCLELL_RINGTYPE"
"Имя контакта","Delete_Contact","Rename_Contact","Comments","Delete_FiveToneCalls","Пятитоновые вызовы - Телеграмма","Пятитоновые вызовы - Адрес","Delete_MDCCalls","Вызовы MDC - ИД вызова (16-ричный)","Вызовы MDC - Система MDC","Вызовы MDC - Возврат к каналу и зоне","Вызовы MDC - Базовый канал","Вызовы MDC - Убрать TPL/DPL","Вызовы MDC - Тип вызова","Delete_QuikCallIICalls","Вызовы Quik CallII - Система Quik-Call II","Вызовы Quik CallII - Возврат к каналу и зоне","Вызовы Quik CallII - Базовый канал","Вызовы Quik CallII - Формат вызова","Вызовы Quik CallII - Частота тона А (Гц)","Вызовы Quik CallII - Код тонального сигнала A","Вызовы Quik CallII - Частота тона В (Гц)","Вызовы Quik CallII - Код тонального сигнала B","Вызовы Quik CallII - Убрать TPL/DPL","Delete_DigitalCalls","Цифровые вызовы - ИД вызова","Цифровые вызовы - Тип маршрута","Цифровые вызовы - Тон приема вызова","Цифровые вызовы - Стиль звонка","Цифровые вызовы - Тон оповещения о текстовом сообщении","Цифровые вызовы - Тип вызова","Цифровые вызовы - DU_OVCMCALL","Delete_CapacityPlusCalls","Вызовы Capacity Plus - ИД вызова","Вызовы Capacity Plus - Тип маршрута","Вызовы Capacity Plus - Тон приема вызова","Вызовы Capacity Plus - Стиль звонка","Вызовы Capacity Plus - Тон оповещения о текстовом сообщении","Вызовы Capacity Plus - Тип вызова","Delete_PhoneCalls","Телефонные вызовы - Номер","Телефонные вызовы - Тип звонка"
"Вызов1","False","","","False","Tel1","1","False","","","","","","","False","","","","","","","","","","False","","","","","","","","False","","","","","","","False","",""
"Вызов2","False","","","False","","","False","0xE001","Sys1","Нет","Выбранное","False","Групповой вызов","False","","","","","","","","","","False","","","","","","","","False","","","","","","","False","",""
"Вызов3","False","","","False","","","False","","","","","","","False","Sys1","Нет","Выбранное","Два тона","288.5","138","288.5","138","False","False","","","","","","","","False","","","","","","","False","",""
"Вызов4","False","","","False","","","False","","","","","","","False","","","","","","","","","","False","","","","","","","","False","1","Обычный","False","Без стиля","Повторяющийся","Групповой вызов","False","",""
"Вызов5","False","","","False","","","False","","","","","","","False","","","","","","","","","","False","","","","","","","","False","","","","","","","False","1","Без стиля"
"QRA-Team","False","","","False","","","False","","","","","","","False","","","","","","","","","","False","9","Обычный","False","Без стиля","Повторяющийся","Групповой вызов","False","False","","","","","","","False","",""
"QRA-5973","False","","","False","","","False","","","","","","","False","","","","","","","","","","False","5973","Обычный","False","Без стиля","Повторяющийся","Групповой вызов","False","False","","","","","","","False","",""
"ROOM 1","False","","","False","","","False","","","","","","","False","","","","","","","","","","False","1","Обычный","True","Без стиля","Повторяющийся","Частный вызов","False","False","","","","","","","False","",""
"ROOM 2","False","","","False","","","False","","","","","","","False","","","","","","","","","","False","1","Обычный","True","Без стиля","Повторяющийся","Частный вызов","False","False","","","","","","","False","",""
"ROOM 3","False","","","False","","","False","","","","","","","False","","","","","","","","","","False","1","Обычный","True","Без стиля","Повторяющийся","Частный вызов","False","False","","","","","","","False","",""
"ROOM 4","False","","","False","","","False","","","","","","","False","","","","","","","","","","False","1","Обычный","True","Без стиля","Повторяющийся","Частный вызов","False","False","","","","","","","False","",""
"ROOM 5","False","","","False","","","False","","","","","","","False","","","","","","","","","","False","1","Обычный","True","Без стиля","Повторяющийся","Частный вызов","False","False","","","","","","","False","",""
"ROOM 6","False","","","False","","","False","","","","","","","False","","","","","","","","","","False","1","Обычный","True","Без стиля","Повторяющийся","Частный вызов","False","False","","","","","","","False","",""
"QRA212","False","","","False","","","False","","","","","","","False","","","","","","","","","","False","2120212","Обычный","True","Без стиля","Повторяющийся","Частный вызов","False","False","","","","","","","False","",""
"ARCTIC","False","","","False","","","False","","","","","","","False","","","","","","","","","","False","2150215","Обычный","True","Без стиля","Повторяющийся","Частный вызов","False","False","","","","","","","False","",""
"ONTONIO","False","","","False","","","False","","","","","","","False","","","","","","","","","","False","2500610","Обычный","True","Без стиля","Повторяющийся","Частный вызов","False","False","","","","","","","False","",""
"PSTAR","False","","","False","","","False","","","","","","","False","","","","","","","","","","False","2507053","Обычный","True","Без стиля","Повторяющийся","Частный вызов","False","False","","","","","","","False","",""
"DSPET4R","False","","","False","","","False","","","","","","","False","","","","","","","","","","False","5973005","Обычный","True","Без стиля","Повторяющийся","Частный вызов","False","False","","","","","","","False","",""
"ORBIT","False","","","False","","","False","","","","","","","False","","","","","","","","","","False","5973007","Обычный","True","Без стиля","Повторяющийся","Частный вызов","False","False","","","","","","","False","",""
"DEVYATK","False","","","False","","","False","","","","","","","False","","","","","","","","","","False","5973009","Обычный","True","Без стиля","Повторяющийся","Частный вызов","False","False","","","","","","","False","",""
"CMETAHA","False","","","False","","","False","","","","","","","False","","","","","","","","","","False","5973011","Обычный","True","Без стиля","Повторяющийся","Частный вызов","False","False","","","","","","","False","",""
"BOROVIK","False","","","False","","","False","","","","","","","False","","","","","","","","","","False","5973013","Обычный","True","Без стиля","Повторяющийся","Частный вызов","False","False","","","","","","","False","",""
"ALUPKA1","False","","","False","","","False","","","","","","","False","","","","","","","","","","False","5973015","Обычный","True","Без стиля","Повторяющийся","Частный вызов","False","False","","","","","","","False","",""
"SEDOY","False","","","False","","","False","","","","","","","False","","","","","","","","","","False","5973031","Обычный","True","Без стиля","Повторяющийся","Частный вызов","False","False","","","","","","","False","",""
"OBERON","False","","","False","","","False","","","","","","","False","","","","","","","","","","False","5973058","Обычный","True","Без стиля","Повторяющийся","Частный вызов","False","False","","","","","","","False","",""
"TAIFUN","False","","","False","","","False","","","","","","","False","","","","","","","","","","False","5973062","Обычный","True","Без стиля","Повторяющийся","Частный вызов","False","False","","","","","","","False","",""
"ZAPAD77","False","","","False","","","False","","","","","","","False","","","","","","","","","","False","5973077","Обычный","True","Без стиля","Повторяющийся","Частный вызов","False","False","","","","","","","False","",""
"SQUID","False","","","False","","","False","","","","","","","False","","","","","","","","","","False","5973162","Обычный","True","Без стиля","Повторяющийся","Частный вызов","False","False","","","","","","","False","",""
"MIX1888","False","","","False","","","False","","","","","","","False","","","","","","","","","","False","5973188","Обычный","True","Без стиля","Повторяющийся","Частный вызов","False","False","","","","","","","False","",""
"TURBINA","False","","","False","","","False","","","","","","","False","","","","","","","","","","False","5973212","Обычный","True","Без стиля","Повторяющийся","Частный вызов","False","False","","","","","","","False","",""
"ACROBAT","False","","","False","","","False","","","","","","","False","","","","","","","","","","False","5973213","Обычный","True","Без стиля","Повторяющийся","Частный вызов","False","False","","","","","","","False","",""
"ARCTIC2","False","","","False","","","False","","","","","","","False","","","","","","","","","","False","5973215","Обычный","True","Без стиля","Повторяющийся","Частный вызов","False","False","","","","","","","False","",""
"SANICH","False","","","False","","","False","","","","","","","False","","","","","","","","","","False","5973232","Обычный","True","Без стиля","Повторяющийся","Частный вызов","False","False","","","","","","","False","",""
"TASKENT","False","","","False","","","False","","","","","","","False","","","","","","","","","","False","5973272","Обычный","True","Без стиля","Повторяющийся","Частный вызов","False","False","","","","","","","False","",""
"MIXGUIT","False","","","False","","","False","","","","","","","False","","","","","","","","","","False","2503316","Обычный","True","Без стиля","Повторяющийся","Частный вызов","False","False","","","","","","","False","",""
"HOLODOK","False","","","False","","","False","","","","","","","False","","","","","","","","","","False","5973415","Обычный","True","Без стиля","Повторяющийся","Частный вызов","False","False","","","","","","","False","",""
"QRA1731","False","","","False","","","False","","","","","","","False","","","","","","","","","","False","5973501","Обычный","True","Без стиля","Повторяющийся","Частный вызов","False","False","","","","","","","False","",""
"ORANGE","False","","","False","","","False","","","","","","","False","","","","","","","","","","False","5973723","Обычный","True","Без стиля","Повторяющийся","Частный вызов","False","False","","","","","","","False","",""
"GNOM","False","","","False","","","False","","","","","","","False","","","","","","","","","","False","5973750","Обычный","True","Без стиля","Повторяющийся","Частный вызов","False","False","","","","","","","False","",""
"SURGUT","False","","","False","","","False","","","","","","","False","","","","","","","","","","False","5973757","Обычный","True","Без стиля","Повторяющийся","Частный вызов","False","False","","","","","","","False","",""
"ON770","False","","","False","","","False","","","","","","","False","","","","","","","","","","False","5973770","Обычный","True","Без стиля","Повторяющийся","Частный вызов","False","False","","","","","","","False","",""
"SOKOL","False","","","False","","","False","","","","","","","False","","","","","","","","","","False","5973777","Обычный","True","Без стиля","Повторяющийся","Частный вызов","False","False","","","","","","","False","",""
"PAROVOZ","False","","","False","","","False","","","","","","","False","","","","","","","","","","False","5973781","Обычный","True","Без стиля","Повторяющийся","Частный вызов","False","False","","","","","","","False","",""
"ONTONIO2","False","","","False","","","False","","","","","","","False","","","","","","","","","","False","5973790","Обычный","True","Без стиля","Повторяющийся","Частный вызов","False","False","","","","","","","False","",""
"ONARKA","False","","","False","","","False","","","","","","","False","","","","","","","","","","False","5973795","Обычный","True","Без стиля","Повторяющийся","Частный вызов","False","False","","","","","","","False","",""
"DIREKTOR","False","","","False","","","False","","","","","","","False","","","","","","","","","","False","5973817","Обычный","True","Без стиля","Повторяющийся","Частный вызов","False","False","","","","","","","False","",""
"VOYAGER","False","","","False","","","False","","","","","","","False","","","","","","","","","","False","5973842","Обычный","True","Без стиля","Повторяющийся","Частный вызов","False","False","","","","","","","False","",""
"SMOLNY","False","","","False","","","False","","","","","","","False","","","","","","","","","","False","5973888","Обычный","True","Без стиля","Повторяющийся","Частный вызов","False","False","","","","","","","False","",""
"DVS001","False","","","False","","","False","","","","","","","False","","","","","","","","","","False","5973901","Обычный","True","Без стиля","Повторяющийся","Частный вызов","False","False","","","","","","","False","",""
"TRANSIT","False","","","False","","","False","","","","","","","False","","","","","","","","","","False","5973909","Обычный","True","Без стиля","Повторяющийся","Частный вызов","False","False","","","","","","","False","",""
"CMRADUGA","False","","","False","","","False","","","","","","","False","","","","","","","","","","False","5973911","Обычный","True","Без стиля","Повторяющийся","Частный вызов","False","False","","","","","","","False","",""
"QRAECHO","False","","","False","","","False","","","","","","","False","","","","","","","","","","False","6660222","Обычный","True","Без стиля","Повторяющийся","Частный вызов","False","False","","","","","","","False","",""
"DMRFRN","False","","","False","","","False","","","","","","","False","","","","","","","","","","False","1128888","Обычный","True","Без стиля","Повторяющийся","Частный вызов","False","False","","","","","","","False","",""
"BORISYC","False","","","False","","","False","","","","","","","False","","","","","","","","","","False","2500502","Обычный","True","Без стиля","Повторяющийся","Частный вызов","False","False","","","","","","","False","",""
"BALU","False","","","False","","","False","","","","","","","False","","","","","","","","","","False","3720001","Обычный","True","Без стиля","Повторяющийся","Частный вызов","False","False","","","","","","","False","",""
"FLORIDA","False","","","False","","","False","","","","","","","False","","","","","","","","","","False","3197441","Обычный","True","Без стиля","Повторяющийся","Частный вызов","False","False","","","","","","","False","",""
"RU177","False","","","False","","","False","","","","","","","False","","","","","","","","","","False","2500274","Обычный","True","Без стиля","Повторяющийся","Частный вызов","False","False","","","","","","","False","",""
"KOMYAGA","False","","","False","","","False","","","","","","","False","","","","","","","","","","False","7809113","Обычный","True","Без стиля","Повторяющийся","Частный вызов","False","False","","","","","","","False","",""
"ULUDAG","False","","","False","","","False","","","","","","","False","","","","","","","","","","False","7801081","Обычный","True","Без стиля","Повторяющийся","Частный вызов","False","False","","","","","","","False","",""
"SP356","False","","","False","","","False","","","","","","","False","","","","","","","","","","False","2501122","Обычный","True","Без стиля","Повторяющийся","Частный вызов","False","False","","","","","","","False","",""
"JIPSON","False","","","False","","","False","","","","","","","False","","","","","","","","","","False","2503424","Обычный","True","Без стиля","Повторяющийся","Частный вызов","False","False","","","","","","","False","",""
"KAMA","False","","","False","","","False","","","","","","","False","","","","","","","","","","False","5973717","Обычный","True","Без стиля","Повторяющийся","Частный вызов","False","False","","","","","","","False","",""
"CARBINE","False","","","False","","","False","","","","","","","False","","","","","","","","","","False","2500643","Обычный","True","Без стиля","Повторяющийся","Частный вызов","False","False","","","","","","","False","",""
"ALEX203","False","","","False","","","False","","","","","","","False","","","","","","","","","","False","5973203","Обычный","True","Без стиля","Повторяющийся","Частный вызов","False","False","","","","","","","False","",""
"ADVOKAT","False","","","False","","","False","","","","","","","False","","","","","","","","","","False","2503420","Обычный","True","Без стиля","Повторяющийся","Частный вызов","False","False","","","","","","","False","",""
"TEXNIK","False","","","False","","","False","","","","","","","False","","","","","","","","","","False","2500312","Обычный","True","Без стиля","Повторяющийся","Частный вызов","False","False","","","","","","","False","",""
"ENGENR","False","","","False","","","False","","","","","","","False","","","","","","","","","","False","2504031","Обычный","True","Без стиля","Повторяющийся","Частный вызов","False","False","","","","","","","False","",""
"LIMON","False","","","False","","","False","","","","","","","False","","","","","","","","","","False","1000000","Обычный","True","Без стиля","Повторяющийся","Частный вызов","False","False","","","","","","","False","",""
"PILOT","False","","","False","","","False","","","","","","","False","","","","","","","","","","False","4852001","Обычный","True","Без стиля","Повторяющийся","Частный вызов","False","False","","","","","","","False","",""
"HANTER","False","","","False","","","False","","","","","","","False","","","","","","","","","","False","3000987","Обычный","True","Без стиля","Повторяющийся","Частный вызов","False","False","","","","","","","False","",""
"RUBIN","False","","","False","","","False","","","","","","","False","","","","","","","","","","False","7702641","Обычный","True","Без стиля","Повторяющийся","Частный вызов","False","False","","","","","","","False","",""
"RAZRYAD","False","","","False","","","False","","","","","","","False","","","","","","","","","","False","2500542","Обычный","True","Без стиля","Повторяющийся","Частный вызов","False","False","","","","","","","False","",""
"JONY","False","","","False","","","False","","","","","","","False","","","","","","","","","","False","2600001","Обычный","True","Без стиля","Повторяющийся","Частный вызов","False","False","","","","","","","False","",""
"VYMPEL","False","","","False","","","False","","","","","","","False","","","","","","","","","","False","1960001","Обычный","True","Без стиля","Повторяющийся","Частный вызов","False","False","","","","","","","False","",""
"PARTZAN","False","","","False","","","False","","","","","","","False","","","","","","","","","","False","5973008","Обычный","True","Без стиля","Повторяющийся","Частный вызов","False","False","","","","","","","False","",""
"KOSMOS","False","","","False","","","False","","","","","","","False","","","","","","","","","","False","2500449","Обычный","True","Без стиля","Повторяющийся","Частный вызов","False","False","","","","","","","False","",""
"ECHO","False","","","False","","","False","","","","","","","False","","","","","","","","","","False","6660999","Обычный","True","Без стиля","Повторяющийся","Частный вызов","False","False","","","","","","","False","",""
"QRA058","False","","","False","","","False","","","","","","","False","","","","","","","","","","False","2500621","Обычный","True","Без стиля","Повторяющийся","Частный вызов","False","False","","","","","","","False","",""
"TUAPSE","False","","","False","","","False","","","","","","","False","","","","","","","","","","False","2506138","Обычный","True","Без стиля","Повторяющийся","Частный вызов","False","False","","","","","","","False","",""
"REVAZ","False","","","False","","","False","","","","","","","False","","","","","","","","","","False","2502202","Обычный","True","Без стиля","Повторяющийся","Частный вызов","False","False","","","","","","","False","",""
"CONDOR","False","","","False","","","False","","","","","","","False","","","","","","","","","","False","3324733","Обычный","True","Без стиля","Повторяющийся","Частный вызов","False","False","","","","","","","False","",""
"DAVID","False","","","False","","","False","","","","","","","False","","","","","","","","","","False","5500001","Обычный","True","Без стиля","Повторяющийся","Частный вызов","False","False","","","","","","","False","",""
"ROSTIK","False","","","False","","","False","","","","","","","False","","","","","","","","","","False","2509163","Обычный","True","Без стиля","Повторяющийся","Частный вызов","False","False","","","","","","","False","",""
"TAIFUN2","False","","","False","","","False","","","","","","","False","","","","","","","","","","False","2502143","Обычный","True","Без стиля","Повторяющийся","Частный вызов","False","False","","","","","","","False","",""
"KAMYSH","False","","","False","","","False","","","","","","","False","","","","","","","","","","False","2500728","Обычный","True","Без стиля","Повторяющийся","Частный вызов","False","False","","","","","","","False","",""
"DIMA97","False","","","False","","","False","","","","","","","False","","","","","","","","","","False","5000097","Обычный","True","Без стиля","Повторяющийся","Частный вызов","False","False","","","","","","","False","",""
"BELGROD","False","","","False","","","False","","","","","","","False","","","","","","","","","","False","3100001","Обычный","True","Без стиля","Повторяющийся","Частный вызов","False","False","","","","","","","False","",""
"BELGROD2","False","","","False","","","False","","","","","","","False","","","","","","","","","","False","2502208","Обычный","True","Без стиля","Повторяющийся","Частный вызов","False","False","","","","","","","False","",""
"MORYAK","False","","","False","","","False","","","","","","","False","","","","","","","","","","False","7700111","Обычный","True","Без стиля","Повторяющийся","Частный вызов","False","False","","","","","","","False","",""
"PRIMUS","False","","","False","","","False","","","","","","","False","","","","","","","","","","False","7700543","Обычный","True","Без стиля","Повторяющийся","Частный вызов","False","False","","","","","","","False","",""
"DEN53","False","","","False","","","False","","","","","","","False","","","","","","","","","","False","6400555","Обычный","True","Без стиля","Повторяющийся","Частный вызов","False","False","","","","","","","False","",""
"TAYGA","False","","","False","","","False","","","","","","","False","","","","","","","","","","False","5900111","Обычный","True","Без стиля","Повторяющийся","Частный вызов","False","False","","","","","","","False","",""
"ICEMAN","False","","","False","","","False","","","","","","","False","","","","","","","","","","False","1506888","Обычный","True","Без стиля","Повторяющийся","Частный вызов","False","False","","","","","","","False","",""
"ROSTIK2","False","","","False","","","False","","","","","","","False","","","","","","","","","","False","5500055","Обычный","True","Без стиля","Повторяющийся","Частный вызов","False","False","","","","","","","False","",""
"TURIST","False","","","False","","","False","","","","","","","False","","","","","","","","","","False","5000005","Обычный","True","Без стиля","Повторяющийся","Частный вызов","False","False","","","","","","","False","",""
"QASHQAI","False","","","False","","","False","","","","","","","False","","","","","","","","","","False","5500099","Обычный","True","Без стиля","Повторяющийся","Частный вызов","False","False","","","","","","","False","",""
"BORBIST","False","","","False","","","False","","","","","","","False","","","","","","","","","","False","6100061","Обычный","True","Без стиля","Повторяющийся","Частный вызов","False","False","","","","","","","False","",""
"GIHAR","False","","","False","","","False","","","","","","","False","","","","","","","","","","False","5000772","Обычный","True","Без стиля","Повторяющийся","Частный вызов","False","False","","","","","","","False","",""
"FRESH","False","","","False","","","False","","","","","","","False","","","","","","","","","","False","3600971","Обычный","True","Без стиля","Повторяющийся","Частный вызов","False","False","","","","","","","False","",""
"KASPER","False","","","False","","","False","","","","","","","False","","","","","","","","","","False","5000540","Обычный","True","Без стиля","Повторяющийся","Частный вызов","False","False","","","","","","","False","",""
"ZELENYI","False","","","False","","","False","","","","","","","False","","","","","","","","","","False","1100011","Обычный","True","Без стиля","Повторяющийся","Частный вызов","False","False","","","","","","","False","",""
"VARLA","False","","","False","","","False","","","","","","","False","","","","","","","","","","False","2500411","Обычный","True","Без стиля","Повторяющийся","Частный вызов","False","False","","","","","","","False","",""
"KASSIR","False","","","False","","","False","","","","","","","False","","","","","","","","","","False","2500450","Обычный","True","Без стиля","Повторяющийся","Частный вызов","False","False","","","","","","","False","",""
"TROYKA","False","","","False","","","False","","","","","","","False","","","","","","","","","","False","3100002","Обычный","True","Без стиля","Повторяющийся","Частный вызов","False","False","","","","","","","False","",""
"MARCONI","False","","","False","","","False","","","","","","","False","","","","","","","","","","False","6201488","Обычный","True","Без стиля","Повторяющийся","Частный вызов","False","False","","","","","","","False","",""
"SUMRAK","False","","","False","","","False","","","","","","","False","","","","","","","","","","False","7000001","Обычный","True","Без стиля","Повторяющийся","Частный вызов","False","False","","","","","","","False","",""
"BABILON","False","","","False","","","False","","","","","","","False","","","","","","","","","","False","2501086","Обычный","True","Без стиля","Повторяющийся","Частный вызов","False","False","","","","","","","False","",""
"MALAMUT","False","","","False","","","False","","","","","","","False","","","","","","","","","","False","2500722","Обычный","True","Без стиля","Повторяющийся","Частный вызов","False","False","","","","","","","False","",""
"NIKON","False","","","False","","","False","","","","","","","False","","","","","","","","","","False","5973744","Обычный","True","Без стиля","Повторяющийся","Частный вызов","False","False","","","","","","","False","",""
"SHAMAN","False","","","False","","","False","","","","","","","False","","","","","","","","","","False","6600001","Обычный","True","Без стиля","Повторяющийся","Частный вызов","False","False","","","","","","","False","",""
"DOMOVOY","False","","","False","","","False","","","","","","","False","","","","","","","","","","False","2509121","Обычный","True","Без стиля","Повторяющийся","Частный вызов","False","False","","","","","","","False","",""
"QRAP25","False","","","False","","","False","","","","","","","False","","","","","","","","","","False","6660333","Обычный","True","Без стиля","Повторяющийся","Частный вызов","False","False","","","","","","","False","",""
"VDN","False","","","False","","","False","","","","","","","False","","","","","","","","","","False","2506015","Обычный","True","Без стиля","Повторяющийся","Частный вызов","False","False","","","","","","","False","",""
"SMERCH","False","","","False","","","False","","","","","","","False","","","","","","","","","","False","2300341","Обычный","True","Без стиля","Повторяющийся","Частный вызов","False","False","","","","","","","False","",""
"QENERGY","False","","","False","","","False","","","","","","","False","","","","","","","","","","False","5973801","Обычный","True","Без стиля","Повторяющийся","Частный вызов","False","False","","","","","","","False","",""
"VISITOR","False","","","False","","","False","","","","","","","False","","","","","","","","","","False","2500690","Обычный","True","Без стиля","Повторяющийся","Частный вызов","False","False","","","","","","","False","",""
"LYAMKIN","False","","","False","","","False","","","","","","","False","","","","","","","","","","False","4200042","Обычный","True","Без стиля","Повторяющийся","Частный вызов","False","False","","","","","","","False","",""
"XLORID","False","","","False","","","False","","","","","","","False","","","","","","","","","","False","2502146","Обычный","True","Без стиля","Повторяющийся","Частный вызов","False","False","","","","","","","False","",""
"PRINTER","False","","","False","","","False","","","","","","","False","","","","","","","","","","False","7600001","Обычный","True","Без стиля","Повторяющийся","Частный вызов","False","False","","","","","","","False","",""
"QRA909","False","","","False","","","False","","","","","","","False","","","","","","","","","","False","6660444","Обычный","True","Без стиля","Повторяющийся","Частный вызов","False","False","","","","","","","False","",""
"YANTAR","False","","","False","","","False","","","","","","","False","","","","","","","","","","False","2504074","Обычный","True","Без стиля","Повторяющийся","Частный вызов","False","False","","","","","","","False","",""
"PARKER","False","","","False","","","False","","","","","","","False","","","","","","","","","","False","1010001","Обычный","True","Без стиля","Повторяющийся","Частный вызов","False","False","","","","","","","False","",""
"START","False","","","False","","","False","","","","","","","False","","","","","","","","","","False","2504075","Обычный","True","Без стиля","Повторяющийся","Частный вызов","False","False","","","","","","","False","",""
"MEDVED","False","","","False","","","False","","","","","","","False","","","","","","","","","","False","2500675","Обычный","True","Без стиля","Повторяющийся","Частный вызов","False","False","","","","","","","False","",""
"VITAMIN","False","","","False","","","False","","","","","","","False","","","","","","","","","","False","7770348","Обычный","True","Без стиля","Повторяющийся","Частный вызов","False","False","","","","","","","False","",""
"SHPIL","False","","","False","","","False","","","","","","","False","","","","","","","","","","False","7800056","Обычный","True","Без стиля","Повторяющийся","Частный вызов","False","False","","","","","","","False","",""
"MIX622","False","","","False","","","False","","","","","","","False","","","","","","","","","","False","2500761","Обычный","True","Без стиля","Повторяющийся","Частный вызов","False","False","","","","","","","False","",""
"INGODA","False","","","False","","","False","","","","","","","False","","","","","","","","","","False","2500685","Обычный","True","Без стиля","Повторяющийся","Частный вызов","False","False","","","","","","","False","",""
"MALINA","False","","","False","","","False","","","","","","","False","","","","","","","","","","False","2500782","Обычный","True","Без стиля","Повторяющийся","Частный вызов","False","False","","","","","","","False","",""
"BALON","False","","","False","","","False","","","","","","","False","","","","","","","","","","False","2200022","Обычный","True","Без стиля","Повторяющийся","Частный вызов","False","False","","","","","","","False","",""
"GRIZLY","False","","","False","","","False","","","","","","","False","","","","","","","","","","False","1500636","Обычный","True","Без стиля","Повторяющийся","Частный вызов","False","False","","","","","","","False","",""
"FIJI","False","","","False","","","False","","","","","","","False","","","","","","","","","","False","7700777","Обычный","True","Без стиля","Повторяющийся","Частный вызов","False","False","","","","","","","False","",""
"OREL808","False","","","False","","","False","","","","","","","False","","","","","","","","","","False","5700057","Обычный","True","Без стиля","Повторяющийся","Частный вызов","False","False","","","","","","","False","",""
"VALKOD","False","","","False","","","False","","","","","","","False","","","","","","","","","","False","7800305","Обычный","True","Без стиля","Повторяющийся","Частный вызов","False","False","","","","","","","False","",""
"AGAT","False","","","False","","","False","","","","","","","False","","","","","","","","","","False","2500795","Обычный","True","Без стиля","Повторяющийся","Частный вызов","False","False","","","","","","","False","",""
"ENOT61","False","","","False","","","False","","","","","","","False","","","","","","","","","","False","1610161","Обычный","True","Без стиля","Повторяющийся","Частный вызов","False","False","","","","","","","False","",""
"WAVU","False","","","False","","","False","","","","","","","False","","","","","","","","","","False","4800001","Обычный","True","Без стиля","Повторяющийся","Частный вызов","False","False","","","","","","","False","",""
"ODMIN","False","","","False","","","False","","","","","","","False","","","","","","","","","","False","2502153","Обычный","True","Без стиля","Повторяющийся","Частный вызов","False","False","","","","","","","False","",""
"DIOD","False","","","False","","","False","","","","","","","False","","","","","","","","","","False","2502188","Обычный","True","Без стиля","Повторяющийся","Частный вызов","False","False","","","","","","","False","",""
"215","False","","","False","","","False","","","","","","","False","","","","","","","","","","False","2500718","Обычный","True","Без стиля","Повторяющийся","Частный вызов","False","False","","","","","","","False","",""
"BOLHOY","False","","","False","","","False","","","","","","","False","","","","","","","","","","False","2500787","Обычный","True","Без стиля","Повторяющийся","Частный вызов","False","False","","","","","","","False","",""
"SMOG158","False","","","False","","","False","","","","","","","False","","","","","","","","","","False","5800077","Обычный","True","Без стиля","Повторяющийся","Частный вызов","False","False","","","","","","","False","",""
"ROO165","False","","","False","","","False","","","","","","","False","","","","","","","","","","False","7700165","Обычный","True","Без стиля","Повторяющийся","Частный вызов","False","False","","","","","","","False","",""
"KOTYARA","False","","","False","","","False","","","","","","","False","","","","","","","","","","False","2500816","Обычный","True","Без стиля","Повторяющийся","Частный вызов","False","False","","","","","","","False","",""
"ODA10","False","","","False","","","False","","","","","","","False","","","","","","","","","","False","2900555","Обычный","True","Без стиля","Повторяющийся","Частный вызов","False","False","","","","","","","False","",""
"ORCA28","False","","","False","","","False","","","","","","","False","","","","","","","","","","False","7700999","Обычный","True","Без стиля","Повторяющийся","Частный вызов","False","False","","","","","","","False","",""
"ANDR545","False","","","False","","","False","","","","","","","False","","","","","","","","","","False","7700545","Обычный","True","Без стиля","Повторяющийся","Частный вызов","False","False","","","","","","","False","",""
"TAGAN","False","","","False","","","False","","","","","","","False","","","","","","","","","","False","2506185","Обычный","True","Без стиля","Повторяющийся","Частный вызов","False","False","","","","","","","False","",""
"GIDRANT","False","","","False","","","False","","","","","","","False","","","","","","","","","","False","5000018","Обычный","True","Без стиля","Повторяющийся","Частный вызов","False","False","","","","","","","False","",""
"SOTKA67","False","","","False","","","False","","","","","","","False","","","","","","","","","","False","2503436","Обычный","True","Без стиля","Повторяющийся","Частный вызов","False","False","","","","","","","False","",""
"CHERMOZ","False","","","False","","","False","","","","","","","False","","","","","","","","","","False","5900175","Обычный","True","Без стиля","Повторяющийся","Частный вызов","False","False","","","","","","","False","",""
"STOPOR","False","","","False","","","False","","","","","","","False","","","","","","","","","","False","2570093","Обычный","True","Без стиля","Повторяющийся","Частный вызов","False","False","","","","","","","False","",""
"LESNIK","False","","","False","","","False","","","","","","","False","","","","","","","","","","False","8600001","Обычный","True","Без стиля","Повторяющийся","Частный вызов","False","False","","","","","","","False","",""
"ALTAIR","False","","","False","","","False","","","","","","","False","","","","","","","","","","False","7703306","Обычный","True","Без стиля","Повторяющийся","Частный вызов","False","False","","","","","","","False","",""
"ROMA220","False","","","False","","","False","","","","","","","False","","","","","","","","","","False","5973220","Обычный","True","Без стиля","Повторяющийся","Частный вызов","False","False","","","","","","","False","",""
"CHAJKA","False","","","False","","","False","","","","","","","False","","","","","","","","","","False","7700345","Обычный","True","Без стиля","Повторяющийся","Частный вызов","False","False","","","","","","","False","",""
"VIRAZH","False","","","False","","","False","","","","","","","False","","","","","","","","","","False","6700067","Обычный","True","Без стиля","Повторяющийся","Частный вызов","False","False","","","","","","","False","",""
"QRA7787","False","","","False","","","False","","","","","","","False","","","","","","","","","","False","7700850","Обычный","True","Без стиля","Повторяющийся","Частный вызов","False","False","","","","","","","False","",""
"SHRAM","False","","","False","","","False","","","","","","","False","","","","","","","","","","False","2500632","Обычный","True","Без стиля","Повторяющийся","Частный вызов","False","False","","","","","","","False","",""
"FORWARD","False","","","False","","","False","","","","","","","False","","","","","","","","","","False","5902505","Обычный","True","Без стиля","Повторяющийся","Частный вызов","False","False","","","","","","","False","",""
"PYTHON","False","","","False","","","False","","","","","","","False","","","","","","","","","","False","7700888","Обычный","True","Без стиля","Повторяющийся","Частный вызов","False","False","","","","","","","False","",""
"QRAPOC","False","","","False","","","False","","","","","","","False","","","","","","","","","","False","6660555","Обычный","True","Без стиля","Повторяющийся","Частный вызов","False","False","","","","","","","False","",""
"TRAK","False","","","False","","","False","","","","","","","False","","","","","","","","","","False","2503439","Обычный","True","Без стиля","Повторяющийся","Частный вызов","False","False","","","","","","","False","",""
"BOTSMAN","False","","","False","","","False","","","","","","","False","","","","","","","","","","False","5000002","Обычный","True","Без стиля","Повторяющийся","Частный вызов","False","False","","","","","","","False","",""
"BARS","False","","","False","","","False","","","","","","","False","","","","","","","","","","False","2500252","Обычный","True","Без стиля","Повторяющийся","Частный вызов","False","False","","","","","","","False","",""
"STALKER","False","","","False","","","False","","","","","","","False","","","","","","","","","","False","2500334","Обычный","True","Без стиля","Повторяющийся","Частный вызов","False","False","","","","","","","False","",""
"BARON","False","","","False","","","False","","","","","","","False","","","","","","","","","","False","7700023","Обычный","True","Без стиля","Повторяющийся","Частный вызов","False","False","","","","","","","False","",""
"RADIO","False","","","False","","","False","","","","","","","False","","","","","","","","","","False","7700100","Обычный","True","Без стиля","Повторяющийся","Частный вызов","False","False","","","","","","","False","",""
"RADIY","False","","","False","","","False","","","","","","","False","","","","","","","","","","False","2600002","Обычный","True","Без стиля","Повторяющийся","Частный вызов","False","False","","","","","","","False","",""
"BOLTIK","False","","","False","","","False","","","","","","","False","","","","","","","","","","False","7800555","Обычный","True","Без стиля","Повторяющийся","Частный вызов","False","False","","","","","","","False","",""
"NEPTUNE","False","","","False","","","False","","","","","","","False","","","","","","","","","","False","8000001","Обычный","True","Без стиля","Повторяющийся","Частный вызов","False","False","","","","","","","False","",""
"LOST","False","","","False","","","False","","","","","","","False","","","","","","","","","","False","9601990","Обычный","True","Без стиля","Повторяющийся","Частный вызов","False","False","","","","","","","False","",""
"NEMO","False","","","False","","","False","","","","","","","False","","","","","","","","","","False","7700123","Обычный","True","Без стиля","Повторяющийся","Частный вызов","False","False","","","","","","","False","",""
"IMPULS","False","","","False","","","False","","","","","","","False","","","","","","","","","","False","2570162","Обычный","True","Без стиля","Повторяющийся","Частный вызов","False","False","","","","","","","False","",""
"VERESK","False","","","False","","","False","","","","","","","False","","","","","","","","","","False","5600076","Обычный","True","Без стиля","Повторяющийся","Частный вызов","False","False","","","","","","","False","",""
"SHAXTER","False","","","False","","","False","","","","","","","False","","","","","","","","","","False","4300001","Обычный","True","Без стиля","Повторяющийся","Частный вызов","False","False","","","","","","","False","",""
"RECHNIK","False","","","False","","","False","","","","","","","False","","","","","","","","","","False","2500789","Обычный","True","Без стиля","Повторяющийся","Частный вызов","False","False","","","","","","","False","",""
"GSTAR","False","","","False","","","False","","","","","","","False","","","","","","","","","","False","6107007","Обычный","True","Без стиля","Повторяющийся","Частный вызов","False","False","","","","","","","False","",""

