Contact Name,ID,ID Type,TS Override
QRA-Team,9,Group,2
QRA-5973,5973,Group,2
LIMON,1000000,Private,2
REPSVR,1000001,Private,2
PARKER,1010001,Private,2
ZELENYI,1100011,Private,2
DISTAR,1100777,Private,2
DVS,1122999,Private,2
DMRFRN,1128888,Private,2
YUG311,1230311,Private,2
GRIZLY,1500636,Private,2
ICEMAN,1506888,Private,2
ENOT61,1610161,Private,2
QRAMSK,1630001,Private,2
HAKER,1632101,Private,2
DOBRYNI,1632102,Private,2
LEV,1632103,Private,2
B0EC,1632106,Private,2
SHAPRA1,1632107,Private,2
PLUS,1632108,Private,2
MOLCHUN,1632203,Private,2
PREZIDE,1632205,Private,2
KAZAK,1632303,Private,2
CHAK,1632401,Private,2
DRON,1632402,Private,2
SAMARA,1634001,Private,2
CICADA,1860757,Private,2
VYMPEL,1960001,Private,2
QRANUT,2043042,Private,2
QRA212,2120212,Private,2
ARCTICA,2150215,Private,2
BALON,2200022,Private,2
SMERCH,2300341,Private,2
LEKAR,2403710,Private,2
TUSHKAN,2470024,Private,2
DALLAS,2500108,Private,2
CALVIN,2500225,Private,2
SOKOL,2500247,Private,2
BARS,2500252,Private,2
RU177,2500274,Private,2
TEXNIK,2500312,Private,2
VOLT,2500318,Private,2
AVIATOR,2500325,Private,2
STALKER,2500334,Private,2
LEV1,2500363,Private,2
VARLA,2500411,Private,2
POLEVIK,2500417,Private,2
KOSMOS,2500449,Private,2
KASSIR,2500450,Private,2
BORISYC,2500502,Private,2
RAZRYAD,2500542,Private,2
WISKI,2500590,Private,2
ONTONIO,2500610,Private,2
MACLEOD,2500617,Private,2
TATARIN,2500620,Private,2
QRA058,2500621,Private,2
SHRAM,2500632,Private,2
CARBINE,2500643,Private,2
LAKE,2500647,Private,2
MEDVED,2500675,Private,2
INGODA,2500685,Private,2
VISITOR,2500690,Private,2
PRORAB,2500707,Private,2
215,2500718,Private,2
MALAMUT,2500722,Private,2
KAMYSH,2500728,Private,2
MIX622,2500761,Private,2
STOODIN,2500763,Private,2
HERTZ,2500776,Private,2
MAX03,2500780,Private,2
MALINA,2500782,Private,2
PAVEL,2500786,Private,2
BOLHOY,2500787,Private,2
RECHNIK,2500789,Private,2
ALEX,2500790,Private,2
LANCER,2500794,Private,2
AGAT,2500795,Private,2
KOTYARA,2500816,Private,2
RAPTER,2500824,Private,2
WAVU,2500857,Private,2
KUBA,2500859,Private,2
ZHIRAF,2500863,Private,2
SKANER,2500865,Private,2
BUMER,2500881,Private,2
BOREY,2500893,Private,2
SLON,2500908,Private,2
KAZAK1,2500920,Private,2
CHAK1,2500929,Private,2
PRMETEY,2500940,Private,2
DIMGRAD,2500945,Private,2
JACK,2500953,Private,2
BAMBUK,2500991,Private,2
UA1ZBE,2501029,Private,2
BABILON,2501086,Private,2
4UVASH,2501108,Private,2
SP356,2501122,Private,2
IKSHA,2501188,Private,2
KOTLAS,2502011,Private,2
VIRUS,2502117,Private,2
KUBAN,2502138,Private,2
TAYFUN,2502143,Private,2
XLORID,2502146,Private,2
ODMIN,2502153,Private,2
DIOD,2502188,Private,2
BELGROD,2502208,Private,2
PETR59,2502226,Private,2
KARDAN,2503228,Private,2
INGENER,2503281,Private,2
TEPLAK,2503315,Private,2
MIXGUIT,2503316,Private,2
ADVOKAT,2503420,Private,2
JIPSON,2503424,Private,2
SOTKA67,2503436,Private,2
TRAK,2503439,Private,2
URAL,2504024,Private,2
SHAPRAN,2504028,Private,2
BOEC,2504030,Private,2
ENGENR,2504031,Private,2
POLIGON,2504036,Private,2
PLUS1,2504037,Private,2
PREZID1,2504056,Private,2
DOCENT,2504058,Private,2
SOVETSK,2504059,Private,2
DOBRYN1,2504072,Private,2
YANTAR,2504074,Private,2
START,2504075,Private,2
CAHEK,2504092,Private,2
BUSTER,2506007,Private,2
VDN,2506015,Private,2
FANTOM,2506066,Private,2
Andr88,2506076,Private,2
TUAPSE,2506138,Private,2
TAGAN,2506185,Private,2
BALAMUT,2507004,Private,2
BALAMYT,2507027,Private,2
PSTAR,2507053,Private,2
SEVAS,250706,Private,2
BALOMUT,2507074,Private,2
STRANIK,2508128,Private,2
KORSAR,2509099,Private,2
DOMOVOY,2509121,Private,2
ROSTIK,2509163,Private,2
ASTRNOM,2509178,Private,2
AIKOM,2570053,Private,2
STOPOR,2570093,Private,2
MASTER,2570148,Private,2
IMPULS,2570162,Private,2
JONY,2600001,Private,2
RADIY,2600002,Private,2
MONOLIT,2700027,Private,2
KARAT,2708042,Private,2
ODA10,2900555,Private,2
HANTER,3000987,Private,2
BELGR0D,3100001,Private,2
TROYKA,3100002,Private,2
FLORIDA,3197441,Private,2
GARICH,3208222,Private,2
CONDOR,3324733,Private,2
FRESH,3600971,Private,2
LESNOY,3600987,Private,2
BALU,3720001,Private,2
XRADIO,3720002,Private,2
MOTO,4000001,Private,2
AYDAR,4010121,Private,2
LYAMKIN,4200042,Private,2
MIXA105,4200105,Private,2
SHAXTER,4300001,Private,2
FEDOR83,4700830,Private,2
PILOT,4852001,Private,2
BOTSMAN,5000002,Private,2
TRESHKN,5000003,Private,2
GRAF,5000004,Private,2
TURIST,5000005,Private,2
RANGER,5000007,Private,2
GIDRANT,5000018,Private,2
STELS,5000030,Private,2
DIMA97,5000097,Private,2
MAGNETO,5000230,Private,2
SENATOR,5000262,Private,2
OKROSKA,5000280,Private,2
KURDEN,5000349,Private,2
KASPER,5000540,Private,2
GIHAR,5000772,Private,2
KIRPICH,5000941,Private,2
RADIST,5001430,Private,2
PENZA,5002012,Private,2
HOKUM,5002222,Private,2
ZOLOTOY,5005522,Private,2
DAVID,5500001,Private,2
ROSTIK,5500055,Private,2
QASHQAI,5500099,Private,2
QRAOLD,5550222,Private,2
TESTCA,5566777,Private,2
VERESK,5600076,Private,2
OREL808,5700057,Private,2
OLIMP,5800030,Private,2
SMOG158,5800077,Private,2
TAYGA,5900111,Private,2
CHERMOZ,5900175,Private,2
FORWARD,5902505,Private,2
DSPET4R,5973005,Private,2
ORBIT,5973007,Private,2
PARTZAN,5973008,Private,2
DEVYATK,5973009,Private,2
CMETAHA,5973011,Private,2
BOROVIK,5973013,Private,2
ALUPKA1,5973015,Private,2
SEDOY,5973031,Private,2
OBERON,5973058,Private,2
TAIFUN,5973062,Private,2
ZAPAD77,5973077,Private,2
HYTERA,5973111,Private,2
SQUID,5973162,Private,2
MIX1888,5973188,Private,2
ALEX203,5973203,Private,2
TURBINA,5973212,Private,2
ACROBAT,5973213,Private,2
ARCTIC,5973215,Private,2
ROMA220,5973220,Private,2
SANICH,5973232,Private,2
TASKENT,5973272,Private,2
HOLODOK,5973415,Private,2
QRA1731,5973501,Private,2
ASPIRIN,5973515,Private,2
QRABOT,5973666,Private,2
KAMA,5973717,Private,2
ORANGE,5973723,Private,2
NIKON,5973744,Private,2
GNOM,5973750,Private,2
SURGUT,5973757,Private,2
ON770,5973770,Private,2
PAROVOZ,5973781,Private,2
ONARKA,5973795,Private,2
QENERGY,5973801,Private,2
DIREKTOR,5973817,Private,2
VOYAGER,5973842,Private,2
SMOLNY,5973888,Private,2
DVS001,5973901,Private,2
TRANSIT,5973909,Private,2
CMRADUGA,5973911,Private,2
LESHIY,6000001,Private,2
BORBIST,6100061,Private,2
SELMASH,6100555,Private,2
ROSTOV,6100777,Private,2
BATAYSK,6102504,Private,2
GSTAR,6107007,Private,2
TAYNIK,6107373,Private,2
MARCONI,6201488,Private,2
BOTANIK,6201499,Private,2
DEN53,6400555,Private,2
SHAMAN,6600001,Private,2
P25DMR,6660111,Private,2
QRAP25,6660333,Private,2
QRA909,6660444,Private,2
QRAPOC,6660555,Private,2
QRALINK,6660666,Private,2
CAPYBAR,6660667,Private,2
QRASAO,6660777,Private,2
QRAZAO,6660888,Private,2
QRASKLV,6660999,Private,2
VIRAZH,6700067,Private,2
SUMRAK,7000001,Private,2
PRINTER,7600001,Private,2
BARON,7700023,Private,2
NAUM,7700024,Private,2
CCCP,7700025,Private,2
VETER,7700030,Private,2
WOROBEY,7700077,Private,2
RADIO,7700100,Private,2
MARIOTT,7700101,Private,2
BESS,7700110,Private,2
MORYAK,7700111,Private,2
DRIM,7700115,Private,2
NEMO,7700123,Private,2
EGER163,7700163,Private,2
ROO165,7700165,Private,2
PIZZA,7700233,Private,2
KARAS,7700292,Private,2
MEDIC,7700327,Private,2
CHAJKA,7700345,Private,2
BOBER,7700500,Private,2
ANGARA,7700524,Private,2
PRIMUS,7700543,Private,2
ANDR545,7700545,Private,2
BRODYGA,7700666,Private,2
FIJI,7700777,Private,2
QRA7787,7700850,Private,2
PYTHON,7700888,Private,2
QRATRCK,7700985,Private,2
ORCA28,7700999,Private,2
SERAFIM,7701015,Private,2
INDEEC,7701988,Private,2
VANDAM,7702158,Private,2
REVAZ,7702202,Private,2
RUBIN,7702641,Private,2
CACTUS,7702785,Private,2
ALTAIR,7703306,Private,2
RADAR,7704077,Private,2
TUMAN,7705778,Private,2
VITAMIN,7770348,Private,2
AYVENGO,7800056,Private,2
VALKOD,7800305,Private,2
BOLTIK,7800555,Private,2
RYZHYI,7800996,Private,2
ULUDAG,7801081,Private,2
OLEG,7806534,Private,2
KOMYAGA,7809113,Private,2
NEPTUNE,8000001,Private,2
MUSEMAN,8000073,Private,2
KVAK,8200001,Private,2
LESNIK,8600001,Private,2
KOSHEY,9200015,Private,2
SANSEY,9200787,Private,2
SEVERNY,9600002,Private,2
LOST,9601990,Private,2
